case,metric,telgen_mean,qcast_mean,telgen_advantage_mean,ci95_low,ci95_high,paired_randomization_p,telgen_wins,ties,qcast_wins
waxman192,completed_requests,41.4,38.6,2.8,1.65,4.0,0.00044997750112494374,16,0,4
waxman192,mean_censored_latency_ps,830845835.4916667,902766671.45,71920835.95833334,47508335.808333345,96958335.6,9.99950002499875e-05,18,0,2
waxman192,mean_decision_seconds,0.47106506181563335,0.05488150090836412,-0.41618356090726927,-0.4336458649970485,-0.3985882722695929,4.999750012499375e-05,0,0,20
ba128,completed_requests,36.95,32.05,4.9,3.7,6.15,4.999750012499375e-05,18,1,1
ba128,mean_censored_latency_ps,691430006.5699999,786490005.8199999,95059999.25,66019999.40000001,124704999.16999999,0.000199990000499975,18,0,2
ba128,mean_decision_seconds,0.4223446094460087,0.046354580554826594,-0.37599002889118205,-0.39427452889051184,-0.3584887322280944,4.999750012499375e-05,0,0,20
overall,completed_requests,39.175,35.325,3.85,2.975,4.7,4.999750012499375e-05,34,1,5
overall,mean_censored_latency_ps,761137921.0308332,844628338.635,83490417.60416667,64449584.160000026,103056250.94500002,4.999750012499375e-05,36,0,4
overall,mean_decision_seconds,0.44670483563082103,0.05061804073159536,-0.39608679489922566,-0.4085811224998318,-0.3837093191164913,4.999750012499375e-05,0,0,40
