arrival_batch_size,method,metric,seed,value
5,TELGEN,mean_censored_latency_ps,46000,18.464000084000002
5,TELGEN,mean_censored_latency_ps,46001,15.604000104
5,TELGEN,mean_censored_latency_ps,46002,16.038000128
5,TELGEN,mean_censored_latency_ps,46003,20.968000096
5,TELGEN,mean_censored_latency_ps,46004,18.450000104
5,TELGEN,mean_censored_latency_ps,46005,17.706000076
5,TELGEN,mean_censored_latency_ps,46006,14.626000152000001
5,TELGEN,mean_censored_latency_ps,46007,17.114000104000002
5,TELGEN,mean_censored_latency_ps,46008,18.424000084
5,TELGEN,mean_censored_latency_ps,46009,22.774000068000003
5,TELGEN,mean_censored_latency_ps,46010,14.884000116
5,TELGEN,mean_censored_latency_ps,46011,19.9600001
5,TELGEN,mean_censored_latency_ps,46012,19.538000108
5,TELGEN,mean_censored_latency_ps,46013,14.272000124000002
5,TELGEN,mean_censored_latency_ps,46014,15.01400012
5,TELGEN,mean_censored_latency_ps,46015,17.770000107999998
5,TELGEN,mean_censored_latency_ps,46016,19.056000104000002
5,TELGEN,mean_censored_latency_ps,46017,18.806000104000002
5,TELGEN,mean_censored_latency_ps,46018,18.934000108
5,TELGEN,mean_censored_latency_ps,46019,19.242000076
10,TELGEN,mean_censored_latency_ps,46000,23.203000084
10,TELGEN,mean_censored_latency_ps,46001,19.127000104
10,TELGEN,mean_censored_latency_ps,46002,20.458000104
10,TELGEN,mean_censored_latency_ps,46003,25.12700008
10,TELGEN,mean_censored_latency_ps,46004,20.625000102
10,TELGEN,mean_censored_latency_ps,46005,20.843000098
10,TELGEN,mean_censored_latency_ps,46006,21.712000094
10,TELGEN,mean_censored_latency_ps,46007,21.28200009
10,TELGEN,mean_censored_latency_ps,46008,24.124000068
10,TELGEN,mean_censored_latency_ps,46009,19.634000106
10,TELGEN,mean_censored_latency_ps,46010,20.360000098
10,TELGEN,mean_censored_latency_ps,46011,21.573000095999998
10,TELGEN,mean_censored_latency_ps,46012,21.995000088
10,TELGEN,mean_censored_latency_ps,46013,18.609000114
10,TELGEN,mean_censored_latency_ps,46014,19.448000102
10,TELGEN,mean_censored_latency_ps,46015,22.787000086
10,TELGEN,mean_censored_latency_ps,46016,21.746000101999996
10,TELGEN,mean_censored_latency_ps,46017,21.503000095999997
10,TELGEN,mean_censored_latency_ps,46018,23.471000086
10,TELGEN,mean_censored_latency_ps,46019,20.106000092000002
15,TELGEN,mean_censored_latency_ps,46000,25.473333398666668
15,TELGEN,mean_censored_latency_ps,46001,23.324666749333336
15,TELGEN,mean_censored_latency_ps,46002,24.942666733333336
15,TELGEN,mean_censored_latency_ps,46003,26.136666733333335
15,TELGEN,mean_censored_latency_ps,46004,23.126666754666665
15,TELGEN,mean_censored_latency_ps,46005,23.15800007733333
15,TELGEN,mean_censored_latency_ps,46006,26.286666730666667
15,TELGEN,mean_censored_latency_ps,46007,24.248000071999996
15,TELGEN,mean_censored_latency_ps,46008,25.514666730666665
15,TELGEN,mean_censored_latency_ps,46009,25.179333405333335
15,TELGEN,mean_censored_latency_ps,46010,23.632000084
15,TELGEN,mean_censored_latency_ps,46011,25.456000065333335
15,TELGEN,mean_censored_latency_ps,46012,24.562000070666667
15,TELGEN,mean_censored_latency_ps,46013,21.223333432
15,TELGEN,mean_censored_latency_ps,46014,23.73666674
15,TELGEN,mean_censored_latency_ps,46015,25.862000068
15,TELGEN,mean_censored_latency_ps,46016,24.57933339866667
15,TELGEN,mean_censored_latency_ps,46017,25.218666733333336
15,TELGEN,mean_censored_latency_ps,46018,25.654000064
15,TELGEN,mean_censored_latency_ps,46019,24.175333408
5,Q-PASS,mean_censored_latency_ps,46000,20.326000092
5,Q-PASS,mean_censored_latency_ps,46001,18.21200012
5,Q-PASS,mean_censored_latency_ps,46002,16.120000135999998
5,Q-PASS,mean_censored_latency_ps,46003,20.090000072
5,Q-PASS,mean_censored_latency_ps,46004,21.5660001
5,Q-PASS,mean_censored_latency_ps,46005,15.766000108
5,Q-PASS,mean_censored_latency_ps,46006,21.6720001
5,Q-PASS,mean_censored_latency_ps,46007,18.420000112
5,Q-PASS,mean_censored_latency_ps,46008,16.480000108
5,Q-PASS,mean_censored_latency_ps,46009,22.61800008
5,Q-PASS,mean_censored_latency_ps,46010,19.294000104000002
5,Q-PASS,mean_censored_latency_ps,46011,20.922000084
5,Q-PASS,mean_censored_latency_ps,46012,20.240000092
5,Q-PASS,mean_censored_latency_ps,46013,17.244000116
5,Q-PASS,mean_censored_latency_ps,46014,16.75000012
5,Q-PASS,mean_censored_latency_ps,46015,22.14400008
5,Q-PASS,mean_censored_latency_ps,46016,19.088000108
5,Q-PASS,mean_censored_latency_ps,46017,20.1180001
5,Q-PASS,mean_censored_latency_ps,46018,19.192000095999997
5,Q-PASS,mean_censored_latency_ps,46019,23.100000071999997
10,Q-PASS,mean_censored_latency_ps,46000,21.910000086
10,Q-PASS,mean_censored_latency_ps,46001,19.34300011
10,Q-PASS,mean_censored_latency_ps,46002,21.688000096
10,Q-PASS,mean_censored_latency_ps,46003,25.89200007
10,Q-PASS,mean_censored_latency_ps,46004,23.061000091999997
10,Q-PASS,mean_censored_latency_ps,46005,20.814000094
10,Q-PASS,mean_censored_latency_ps,46006,25.007000066
10,Q-PASS,mean_censored_latency_ps,46007,23.313000075999998
10,Q-PASS,mean_censored_latency_ps,46008,22.350000078
10,Q-PASS,mean_censored_latency_ps,46009,21.207000094
10,Q-PASS,mean_censored_latency_ps,46010,21.185000094
10,Q-PASS,mean_censored_latency_ps,46011,21.674000094
10,Q-PASS,mean_censored_latency_ps,46012,21.31900009
10,Q-PASS,mean_censored_latency_ps,46013,21.218000092
10,Q-PASS,mean_censored_latency_ps,46014,23.668000074000002
10,Q-PASS,mean_censored_latency_ps,46015,25.206000068
10,Q-PASS,mean_censored_latency_ps,46016,23.149000088
10,Q-PASS,mean_censored_latency_ps,46017,21.941000082
10,Q-PASS,mean_censored_latency_ps,46018,24.377000078000002
10,Q-PASS,mean_censored_latency_ps,46019,23.069000088000003
15,Q-PASS,mean_censored_latency_ps,46000,25.49400006133333
15,Q-PASS,mean_censored_latency_ps,46001,25.8533334
15,Q-PASS,mean_censored_latency_ps,46002,24.854666736
15,Q-PASS,mean_censored_latency_ps,46003,28.087333382666667
15,Q-PASS,mean_censored_latency_ps,46004,25.175333405333333
15,Q-PASS,mean_censored_latency_ps,46005,25.902666729333333
15,Q-PASS,mean_censored_latency_ps,46006,26.581333388
15,Q-PASS,mean_censored_latency_ps,46007,25.932666726666664
15,Q-PASS,mean_censored_latency_ps,46008,26.223333394666668
15,Q-PASS,mean_censored_latency_ps,46009,26.680000058666668
15,Q-PASS,mean_censored_latency_ps,46010,25.264666724
15,Q-PASS,mean_censored_latency_ps,46011,25.24533340266667
15,Q-PASS,mean_censored_latency_ps,46012,24.648000068
15,Q-PASS,mean_censored_latency_ps,46013,23.549333409333332
15,Q-PASS,mean_censored_latency_ps,46014,25.157333401333332
15,Q-PASS,mean_censored_latency_ps,46015,26.361333394666666
15,Q-PASS,mean_censored_latency_ps,46016,26.481333394666667
15,Q-PASS,mean_censored_latency_ps,46017,24.379333405333334
15,Q-PASS,mean_censored_latency_ps,46018,26.16400006
15,Q-PASS,mean_censored_latency_ps,46019,25.40000005733333
5,Greedy,mean_censored_latency_ps,46000,18.408000112
5,Greedy,mean_censored_latency_ps,46001,18.974000108
5,Greedy,mean_censored_latency_ps,46002,19.162000108
5,Greedy,mean_censored_latency_ps,46003,20.424000067999998
5,Greedy,mean_censored_latency_ps,46004,17.690000124
5,Greedy,mean_censored_latency_ps,46005,13.286000128
5,Greedy,mean_censored_latency_ps,46006,19.522000104
5,Greedy,mean_censored_latency_ps,46007,17.622000128
5,Greedy,mean_censored_latency_ps,46008,18.832000092
5,Greedy,mean_censored_latency_ps,46009,22.334000091999997
5,Greedy,mean_censored_latency_ps,46010,20.740000088
5,Greedy,mean_censored_latency_ps,46011,19.2080001
5,Greedy,mean_censored_latency_ps,46012,19.6320001
5,Greedy,mean_censored_latency_ps,46013,17.462000107999998
5,Greedy,mean_censored_latency_ps,46014,17.746000104
5,Greedy,mean_censored_latency_ps,46015,21.38400008
5,Greedy,mean_censored_latency_ps,46016,20.224000095999997
5,Greedy,mean_censored_latency_ps,46017,21.080000088
5,Greedy,mean_censored_latency_ps,46018,22.788000076
5,Greedy,mean_censored_latency_ps,46019,21.59800008
10,Greedy,mean_censored_latency_ps,46000,23.559000078
10,Greedy,mean_censored_latency_ps,46001,21.838000091999998
10,Greedy,mean_censored_latency_ps,46002,23.430000088000003
10,Greedy,mean_censored_latency_ps,46003,25.396000072
10,Greedy,mean_censored_latency_ps,46004,22.460000095999998
10,Greedy,mean_censored_latency_ps,46005,24.94800007
10,Greedy,mean_censored_latency_ps,46006,23.814000076
10,Greedy,mean_censored_latency_ps,46007,23.782000072
10,Greedy,mean_censored_latency_ps,46008,24.406000078
10,Greedy,mean_censored_latency_ps,46009,21.103000085999998
10,Greedy,mean_censored_latency_ps,46010,20.369000102
10,Greedy,mean_censored_latency_ps,46011,24.250000088
10,Greedy,mean_censored_latency_ps,46012,26.558000055999997
10,Greedy,mean_censored_latency_ps,46013,21.67500009
10,Greedy,mean_censored_latency_ps,46014,18.900000108
10,Greedy,mean_censored_latency_ps,46015,23.940000074
10,Greedy,mean_censored_latency_ps,46016,26.574000066
10,Greedy,mean_censored_latency_ps,46017,23.853000076
10,Greedy,mean_censored_latency_ps,46018,25.028000074
10,Greedy,mean_censored_latency_ps,46019,24.746000082
15,Greedy,mean_censored_latency_ps,46000,24.34666673733333
15,Greedy,mean_censored_latency_ps,46001,25.339333398666668
15,Greedy,mean_censored_latency_ps,46002,26.384000055999998
15,Greedy,mean_censored_latency_ps,46003,26.868666724
15,Greedy,mean_censored_latency_ps,46004,24.04600007866667
15,Greedy,mean_censored_latency_ps,46005,25.34733340266667
15,Greedy,mean_censored_latency_ps,46006,27.236666721333332
15,Greedy,mean_censored_latency_ps,46007,25.366666730666665
15,Greedy,mean_censored_latency_ps,46008,26.26000005866667
15,Greedy,mean_censored_latency_ps,46009,24.943333401333334
15,Greedy,mean_censored_latency_ps,46010,27.139333386666664
15,Greedy,mean_censored_latency_ps,46011,27.26866672
15,Greedy,mean_censored_latency_ps,46012,25.740000064
15,Greedy,mean_censored_latency_ps,46013,23.637333411999997
15,Greedy,mean_censored_latency_ps,46014,24.976666733333335
15,Greedy,mean_censored_latency_ps,46015,27.597333385333332
15,Greedy,mean_censored_latency_ps,46016,25.842666724
15,Greedy,mean_censored_latency_ps,46017,27.438000050666666
15,Greedy,mean_censored_latency_ps,46018,29.038666702666667
15,Greedy,mean_censored_latency_ps,46019,26.222000049333335
5,TELGEN,p95_completion_latency_ps,46000,15.3
5,TELGEN,p95_completion_latency_ps,46001,12.6000002
5,TELGEN,p95_completion_latency_ps,46002,14.6000002
5,TELGEN,p95_completion_latency_ps,46003,15.6000002
5,TELGEN,p95_completion_latency_ps,46004,15.6000002
5,TELGEN,p95_completion_latency_ps,46005,14.6000002
5,TELGEN,p95_completion_latency_ps,46006,15.6000002
5,TELGEN,p95_completion_latency_ps,46007,15.6000002
5,TELGEN,p95_completion_latency_ps,46008,15.3
5,TELGEN,p95_completion_latency_ps,46009,15.6000002
5,TELGEN,p95_completion_latency_ps,46010,15.6000002
5,TELGEN,p95_completion_latency_ps,46011,15.3
5,TELGEN,p95_completion_latency_ps,46012,15.6000002
5,TELGEN,p95_completion_latency_ps,46013,13.6000002
5,TELGEN,p95_completion_latency_ps,46014,15.6000002
5,TELGEN,p95_completion_latency_ps,46015,15.3
5,TELGEN,p95_completion_latency_ps,46016,15.6000002
5,TELGEN,p95_completion_latency_ps,46017,15.3
5,TELGEN,p95_completion_latency_ps,46018,15.6000002
5,TELGEN,p95_completion_latency_ps,46019,15.3
10,TELGEN,p95_completion_latency_ps,46000,15.6000002
10,TELGEN,p95_completion_latency_ps,46001,14.6000002
10,TELGEN,p95_completion_latency_ps,46002,15.6000002
10,TELGEN,p95_completion_latency_ps,46003,15.6000002
10,TELGEN,p95_completion_latency_ps,46004,15.6000002
10,TELGEN,p95_completion_latency_ps,46005,15.6000002
10,TELGEN,p95_completion_latency_ps,46006,15.6000002
10,TELGEN,p95_completion_latency_ps,46007,15.6000002
10,TELGEN,p95_completion_latency_ps,46008,15.6000002
10,TELGEN,p95_completion_latency_ps,46009,13.6000002
10,TELGEN,p95_completion_latency_ps,46010,15.6000002
10,TELGEN,p95_completion_latency_ps,46011,15.6000002
10,TELGEN,p95_completion_latency_ps,46012,15.5000002
10,TELGEN,p95_completion_latency_ps,46013,15.6000002
10,TELGEN,p95_completion_latency_ps,46014,15.5000002
10,TELGEN,p95_completion_latency_ps,46015,15.6000002
10,TELGEN,p95_completion_latency_ps,46016,15.6000002
10,TELGEN,p95_completion_latency_ps,46017,15.6000002
10,TELGEN,p95_completion_latency_ps,46018,15.6000002
10,TELGEN,p95_completion_latency_ps,46019,15.3
15,TELGEN,p95_completion_latency_ps,46000,15.6000002
15,TELGEN,p95_completion_latency_ps,46001,15.6000002
15,TELGEN,p95_completion_latency_ps,46002,15.3
15,TELGEN,p95_completion_latency_ps,46003,15.6000002
15,TELGEN,p95_completion_latency_ps,46004,15.6000002
15,TELGEN,p95_completion_latency_ps,46005,14.6000002
15,TELGEN,p95_completion_latency_ps,46006,15.6000002
15,TELGEN,p95_completion_latency_ps,46007,15.6000002
15,TELGEN,p95_completion_latency_ps,46008,15.6000002
15,TELGEN,p95_completion_latency_ps,46009,15.3
15,TELGEN,p95_completion_latency_ps,46010,15.6000002
15,TELGEN,p95_completion_latency_ps,46011,15.6000002
15,TELGEN,p95_completion_latency_ps,46012,15.6000002
15,TELGEN,p95_completion_latency_ps,46013,15.6000002
15,TELGEN,p95_completion_latency_ps,46014,15.6000002
15,TELGEN,p95_completion_latency_ps,46015,15.6000002
15,TELGEN,p95_completion_latency_ps,46016,15.6000002
15,TELGEN,p95_completion_latency_ps,46017,15.5000002
15,TELGEN,p95_completion_latency_ps,46018,15.3
15,TELGEN,p95_completion_latency_ps,46019,15.6000002
5,Q-PASS,p95_completion_latency_ps,46000,15.6000002
5,Q-PASS,p95_completion_latency_ps,46001,15.6000002
5,Q-PASS,p95_completion_latency_ps,46002,15.6000002
5,Q-PASS,p95_completion_latency_ps,46003,15.6000002
5,Q-PASS,p95_completion_latency_ps,46004,15.6000002
5,Q-PASS,p95_completion_latency_ps,46005,15.3
5,Q-PASS,p95_completion_latency_ps,46006,15.6000002
5,Q-PASS,p95_completion_latency_ps,46007,15.6000002
5,Q-PASS,p95_completion_latency_ps,46008,15.6000002
5,Q-PASS,p95_completion_latency_ps,46009,15.3
5,Q-PASS,p95_completion_latency_ps,46010,15.6000002
5,Q-PASS,p95_completion_latency_ps,46011,15.6000002
5,Q-PASS,p95_completion_latency_ps,46012,15.3
5,Q-PASS,p95_completion_latency_ps,46013,15.6000002
5,Q-PASS,p95_completion_latency_ps,46014,15.6000002
5,Q-PASS,p95_completion_latency_ps,46015,15.6000002
5,Q-PASS,p95_completion_latency_ps,46016,15.6000002
5,Q-PASS,p95_completion_latency_ps,46017,15.6000002
5,Q-PASS,p95_completion_latency_ps,46018,15.6000002
5,Q-PASS,p95_completion_latency_ps,46019,15.6000002
10,Q-PASS,p95_completion_latency_ps,46000,15.6000002
10,Q-PASS,p95_completion_latency_ps,46001,15.6000002
10,Q-PASS,p95_completion_latency_ps,46002,15.6000002
10,Q-PASS,p95_completion_latency_ps,46003,15.6000002
10,Q-PASS,p95_completion_latency_ps,46004,15.6000002
10,Q-PASS,p95_completion_latency_ps,46005,15.6000002
10,Q-PASS,p95_completion_latency_ps,46006,15.6000002
10,Q-PASS,p95_completion_latency_ps,46007,15.6000002
10,Q-PASS,p95_completion_latency_ps,46008,15.6000002
10,Q-PASS,p95_completion_latency_ps,46009,15.6000002
10,Q-PASS,p95_completion_latency_ps,46010,15.6000002
10,Q-PASS,p95_completion_latency_ps,46011,15.6000002
10,Q-PASS,p95_completion_latency_ps,46012,15.6000002
10,Q-PASS,p95_completion_latency_ps,46013,15.6000002
10,Q-PASS,p95_completion_latency_ps,46014,15.6000002
10,Q-PASS,p95_completion_latency_ps,46015,15.6000002
10,Q-PASS,p95_completion_latency_ps,46016,15.6000002
10,Q-PASS,p95_completion_latency_ps,46017,15.6000002
10,Q-PASS,p95_completion_latency_ps,46018,15.6000002
10,Q-PASS,p95_completion_latency_ps,46019,15.3
15,Q-PASS,p95_completion_latency_ps,46000,15.6000002
15,Q-PASS,p95_completion_latency_ps,46001,15.6000002
15,Q-PASS,p95_completion_latency_ps,46002,15.6000002
15,Q-PASS,p95_completion_latency_ps,46003,15.6000002
15,Q-PASS,p95_completion_latency_ps,46004,15.6000002
15,Q-PASS,p95_completion_latency_ps,46005,15.6000002
15,Q-PASS,p95_completion_latency_ps,46006,15.6000002
15,Q-PASS,p95_completion_latency_ps,46007,15.6000002
15,Q-PASS,p95_completion_latency_ps,46008,15.6000002
15,Q-PASS,p95_completion_latency_ps,46009,15.6000002
15,Q-PASS,p95_completion_latency_ps,46010,15.6000002
15,Q-PASS,p95_completion_latency_ps,46011,15.6000002
15,Q-PASS,p95_completion_latency_ps,46012,15.6000002
15,Q-PASS,p95_completion_latency_ps,46013,15.6000002
15,Q-PASS,p95_completion_latency_ps,46014,15.6000002
15,Q-PASS,p95_completion_latency_ps,46015,15.6000002
15,Q-PASS,p95_completion_latency_ps,46016,15.6000002
15,Q-PASS,p95_completion_latency_ps,46017,15.6000002
15,Q-PASS,p95_completion_latency_ps,46018,15.6000002
15,Q-PASS,p95_completion_latency_ps,46019,15.3
5,Greedy,p95_completion_latency_ps,46000,15.6000002
5,Greedy,p95_completion_latency_ps,46001,15.6000002
5,Greedy,p95_completion_latency_ps,46002,15.6000002
5,Greedy,p95_completion_latency_ps,46003,15.6000002
5,Greedy,p95_completion_latency_ps,46004,15.6000002
5,Greedy,p95_completion_latency_ps,46005,15.6000002
5,Greedy,p95_completion_latency_ps,46006,14.6000002
5,Greedy,p95_completion_latency_ps,46007,15.6000002
5,Greedy,p95_completion_latency_ps,46008,15.6000002
5,Greedy,p95_completion_latency_ps,46009,15.6000002
5,Greedy,p95_completion_latency_ps,46010,15.6000002
5,Greedy,p95_completion_latency_ps,46011,15.6000002
5,Greedy,p95_completion_latency_ps,46012,15.6000002
5,Greedy,p95_completion_latency_ps,46013,15.6000002
5,Greedy,p95_completion_latency_ps,46014,15.6000002
5,Greedy,p95_completion_latency_ps,46015,15.6000002
5,Greedy,p95_completion_latency_ps,46016,15.6000002
5,Greedy,p95_completion_latency_ps,46017,15.6000002
5,Greedy,p95_completion_latency_ps,46018,15.6000002
5,Greedy,p95_completion_latency_ps,46019,15.6000002
10,Greedy,p95_completion_latency_ps,46000,15.6000002
10,Greedy,p95_completion_latency_ps,46001,15.6000002
10,Greedy,p95_completion_latency_ps,46002,15.6000002
10,Greedy,p95_completion_latency_ps,46003,15.6000002
10,Greedy,p95_completion_latency_ps,46004,15.6000002
10,Greedy,p95_completion_latency_ps,46005,15.6000002
10,Greedy,p95_completion_latency_ps,46006,15.6000002
10,Greedy,p95_completion_latency_ps,46007,15.6000002
10,Greedy,p95_completion_latency_ps,46008,15.6000002
10,Greedy,p95_completion_latency_ps,46009,15.6000002
10,Greedy,p95_completion_latency_ps,46010,15.6000002
10,Greedy,p95_completion_latency_ps,46011,15.6000002
10,Greedy,p95_completion_latency_ps,46012,15.6000002
10,Greedy,p95_completion_latency_ps,46013,15.6000002
10,Greedy,p95_completion_latency_ps,46014,15.6000002
10,Greedy,p95_completion_latency_ps,46015,15.6000002
10,Greedy,p95_completion_latency_ps,46016,15.6000002
10,Greedy,p95_completion_latency_ps,46017,15.6000002
10,Greedy,p95_completion_latency_ps,46018,15.6000002
10,Greedy,p95_completion_latency_ps,46019,15.6000002
15,Greedy,p95_completion_latency_ps,46000,15.6000002
15,Greedy,p95_completion_latency_ps,46001,15.6000002
15,Greedy,p95_completion_latency_ps,46002,15.6000002
15,Greedy,p95_completion_latency_ps,46003,15.6000002
15,Greedy,p95_completion_latency_ps,46004,15.6000002
15,Greedy,p95_completion_latency_ps,46005,15.6000002
15,Greedy,p95_completion_latency_ps,46006,15.6000002
15,Greedy,p95_completion_latency_ps,46007,15.6000002
15,Greedy,p95_completion_latency_ps,46008,15.6000002
15,Greedy,p95_completion_latency_ps,46009,15.6000002
15,Greedy,p95_completion_latency_ps,46010,15.6000002
15,Greedy,p95_completion_latency_ps,46011,15.6000002
15,Greedy,p95_completion_latency_ps,46012,15.6000002
15,Greedy,p95_completion_latency_ps,46013,15.6000002
15,Greedy,p95_completion_latency_ps,46014,15.6000002
15,Greedy,p95_completion_latency_ps,46015,15.6000002
15,Greedy,p95_completion_latency_ps,46016,15.6000002
15,Greedy,p95_completion_latency_ps,46017,15.6000002
15,Greedy,p95_completion_latency_ps,46018,15.6000002
15,Greedy,p95_completion_latency_ps,46019,15.6000002
